Subject,Sender,Body,Sentiment
"🚀 Connect, Innovate, and Grow with FSI’s Tech Forums!",Esther from FSI <info@fsi.ng>,"logo


** Are you ready to unlock your full potential and join a vibrant community of innovators?🌟
------------------------------------------------------------

FSI is thrilled to introduce three exclusive forums designed to empower and support YOU!


** 🌐 Founders Forum
------------------------------------------------------------

Are you a tech founder in Fintech, Edtech, Agrictech, Healthtech, Cleantech, or other sectors? Join this elite circle to:
✅ Access game-changing opportunities.
✅ Collaborate with like-minded visionaries.
👉 Fill out the Founders Form here. (https://forms.gle/4nfEWH5uZY1admAx5)


** 💼 Professionals in Tech Forum
------------------------------------------------------------

Tech professionals, this is your chance to:
✅ Boost your career with valuable resources.
✅ Connect with top experts and industry leaders.
👉 Fill out the Professionals Form here (https://forms.gle/CNfaoxbC7rbazQyN9) .


** 🎓 Tech Students Community
------------------------------------------------------------

Students passionate about innovation, this forum is your gateway to:
✅ Exclusive opportunities to grow and thrive.
✅ A supportive network of young trailblazers.
👉 Fill out the Students Form here. (https://forms.gle/Qy9haG55omx9UthN7)


** Why You Can’t Miss This!
------------------------------------------------------------

These forums are your ticket to:

✨ Exclusive resources.
✨ Powerful connections.
✨ Tailored opportunities


** 📌 Note: Membership is subscription-based, providing premium benefits and sustained support.
------------------------------------------------------------

💬 Don’t wait! Fill out the form now to secure your spot and become part of this exciting journey with FSI.


** Click the links above to get started! Let’s make innovation happen, together!
------------------------------------------------------------


** 🚀Cheers
------------------------------------------------------------

https://facebook.com/
https://instagram.com/
https://x.com/

View email in browser (https://mailchi.mp/fsi.ng/join-fsis-exclusive-tech-forums-16554594?e=f8ca93b569)
FSI . Block 3,  12, Rev Ogunbiyi Street, . G.R.A. Ikeja . Lagos State 100271 . Nigeria
update your preferences (https://fsi.us7.list-manage.com/profile?u=5ba1588fe86b11379f83372ed&id=3944debf93&e=f8ca93b569&c=709c8bbcea) or unsubscribe (https://fsi.us7.list-manage.com/unsubscribe?u=5ba1588fe86b11379f83372ed&id=3944debf93&t=b&e=f8ca93b569&c=709c8bbcea)",0.2494047619047619
